{"coma_model_error_mean": 1.3470624013585724, "coma_model_error_std": 1.5886150121010298, "coma_model_error_median": 0.8333472965393214}