{"coma_model_error_mean": 1.0958572944182483, "coma_model_error_std": 1.208372859336311, "coma_model_error_median": 0.7014537648666423}