{"coma_model_error_mean": 1.3714783701790227, "coma_model_error_std": 1.539062574982684, "coma_model_error_median": 0.8381584111582554}