{"coma_model_error_mean": 1.022043207087842, "coma_model_error_std": 1.1944582868090183, "coma_model_error_median": 0.6172325567675518}