{"coma_model_error_mean": 1.3967551422017674, "coma_model_error_std": 2.196660511037032, "coma_model_error_median": 0.7452497635135442}