{"coma_model_error_mean": 1.4234377423343787, "coma_model_error_std": 1.6697736377218548, "coma_model_error_median": 0.8688386608873268}