{"coma_model_error_mean": 0.9556961841905414, "coma_model_error_std": 1.1821666018022028, "coma_model_error_median": 0.5794425820879967}