{"coma_model_error_mean": 1.1410996565880447, "coma_model_error_std": 1.3512638961172507, "coma_model_error_median": 0.671447396808636}