{"coma_model_error_mean": 1.06936445518909, "coma_model_error_std": 1.090354228328968, "coma_model_error_median": 0.683019975532756}