{"coma_model_error_mean": 1.2593723247930861, "coma_model_error_std": 1.5896001511524553, "coma_model_error_median": 0.7372159852743836}