{"coma_model_error_mean": 1.2385017400222678, "coma_model_error_std": 1.5290436104951262, "coma_model_error_median": 0.7575258688839108}