{"coma_model_error_mean": 1.0536555162021592, "coma_model_error_std": 1.2066149768795305, "coma_model_error_median": 0.6786036987428393}