{"pca_model_error_mean": 1.8395456610786727, "pca_model_error_std": 1.8309351134856309, "pca_model_error_median": 1.2454176408817927}