{"pca_model_error_mean": 1.6135508387853899, "pca_model_error_std": 1.72990073773604, "pca_model_error_median": 1.0601535371503013}