{"pca_model_error_mean": 1.7002042153007504, "pca_model_error_std": 1.7206450815112713, "pca_model_error_median": 1.135859140972236}