{"pca_model_error_mean": 2.011232511217245, "pca_model_error_std": 2.404201949679962, "pca_model_error_median": 1.2237638131126658}