{"pca_model_error_mean": 1.788187402652549, "pca_model_error_std": 1.7655979514007067, "pca_model_error_median": 1.21509596208571}