{"pca_model_error_mean": 1.8430351057156298, "pca_model_error_std": 1.9482490374922279, "pca_model_error_median": 1.1981783954676815}