{"pca_model_error_mean": 1.9576230948080842, "pca_model_error_std": 1.8893602039894573, "pca_model_error_median": 1.3358452220943926}