{"pca_model_error_mean": 1.6116150024359894, "pca_model_error_std": 1.538854909343279, "pca_model_error_median": 1.091726507324524}