{"pca_model_error_mean": 1.8533998536128446, "pca_model_error_std": 1.9055252926003412, "pca_model_error_median": 1.178734554269548}