{"pca_model_error_mean": 1.6433864443555062, "pca_model_error_std": 1.630237861185181, "pca_model_error_median": 1.1068962261590674}