{"pca_model_error_mean": 1.8962610862228115, "pca_model_error_std": 2.2781513619630176, "pca_model_error_median": 1.133068059078182}