{"pca_model_error_mean": 1.708057859024228, "pca_model_error_std": 1.6836137200313115, "pca_model_error_median": 1.1555028177375404}