{"pca_model_error_mean": 1.6184443307021537, "pca_model_error_std": 1.593819068053446, "pca_model_error_median": 1.1043886971641885}