{"coma_model_error_mean": 1.1180689374684654, "coma_model_error_std": 1.1773573566743964, "coma_model_error_median": 0.7051383339131234}