{"coma_model_error_mean": 1.3318127877643176, "coma_model_error_std": 1.6714159291448112, "coma_model_error_median": 0.7775901944464214}