{"coma_model_error_mean": 1.0724043904973795, "coma_model_error_std": 1.2368814432646202, "coma_model_error_median": 0.6442405550275383}