{"coma_model_error_mean": 1.3540543080902354, "coma_model_error_std": 1.432801185045776, "coma_model_error_median": 0.9066152896053448}