{"coma_model_error_mean": 1.4521051720906002, "coma_model_error_std": 2.0748171140371388, "coma_model_error_median": 0.7669304930803721}