{"coma_model_error_mean": 1.3774314158672154, "coma_model_error_std": 1.472258790189576, "coma_model_error_median": 0.8541880003004554}