{"coma_model_error_mean": 1.3681839431489655, "coma_model_error_std": 1.7232554934836934, "coma_model_error_median": 0.8160790237002278}