{"coma_model_error_mean": 1.1564540488873862, "coma_model_error_std": 1.2284640856795876, "coma_model_error_median": 0.7355418613469711}