{"coma_model_error_mean": 1.5154049967083192, "coma_model_error_std": 1.792683181597625, "coma_model_error_median": 0.9179376221048463}