{"coma_model_error_mean": 1.0857638840428423, "coma_model_error_std": 1.5054984267926015, "coma_model_error_median": 0.6305912486948801}