{"coma_model_error_mean": 1.0974764285983518, "coma_model_error_std": 1.1899204566384514, "coma_model_error_median": 0.7235273656432359}