{"coma_model_error_mean": 1.132449556576568, "coma_model_error_std": 1.2231446670880008, "coma_model_error_median": 0.7234809287857995}