{"pca_model_error_mean": 1.8533998538975491, "pca_model_error_std": 1.90552529297139, "pca_model_error_median": 1.1787345538854037}