{"pca_model_error_mean": 1.8395456609859444, "pca_model_error_std": 1.8309351135788108, "pca_model_error_median": 1.24541763816522}