{"pca_model_error_mean": 1.896261085962021, "pca_model_error_std": 2.2781513581740542, "pca_model_error_median": 1.1330680441919623}