{"pca_model_error_mean": 1.6433864443746755, "pca_model_error_std": 1.6302378610087447, "pca_model_error_median": 1.1068962316773194}