{"pca_model_error_mean": 1.6184443308250023, "pca_model_error_std": 1.5938190677435315, "pca_model_error_median": 1.1043886969955454}