{"pca_model_error_mean": 1.957623094959995, "pca_model_error_std": 1.889360204074428, "pca_model_error_median": 1.335845221807232}