{"pca_model_error_mean": 1.6135508395518239, "pca_model_error_std": 1.7299007405629188, "pca_model_error_median": 1.0601535412421255}