{"pca_model_error_mean": 2.011232513546777, "pca_model_error_std": 2.4042019562608177, "pca_model_error_median": 1.2237637558446695}