{"pca_model_error_mean": 1.7080578592733948, "pca_model_error_std": 1.6836137196502812, "pca_model_error_median": 1.1555028241296759}