{"pca_model_error_mean": 1.8430351053688396, "pca_model_error_std": 1.948249036268429, "pca_model_error_median": 1.1981783975671365}