{"pca_model_error_mean": 1.6116150023934641, "pca_model_error_std": 1.5388549109319523, "pca_model_error_median": 1.091726504285252}