{"pca_model_error_mean": 1.7881874032422622, "pca_model_error_std": 1.7655979536710256, "pca_model_error_median": 1.2150959612418966}