{"pca_model_error_mean": 1.7002042134764495, "pca_model_error_std": 1.720645077881394, "pca_model_error_median": 1.1358591332186396}