{"cheb_coma_model_error_mean": 0.9689756956827661, "cheb_coma_model_error_std": 1.093300851785757, "cheb_coma_model_error_median": 0.5861337256144608}