{"pca_model_error_mean": 1.6433864444478072, "pca_model_error_std": 1.6302378608166284, "pca_model_error_median": 1.106896233168104}