{"spiral_coma_model_error_mean": 0.8671978304291116, "spiral_coma_model_error_std": 0.9690271539773273, "spiral_coma_model_error_median": 0.5353145924555573}